{
  "split": "r2",
  "pieces_evaluated": 62,
  "pieces_skipped": [],
  "summary": {
    "notes_total": 2513363,
    "rule_agreement": 0.9139189205856854,
    "ai_agreement": 0.8617334622973283,
    "absolute_improvement": -0.05218545828835707,
    "relative_error_reduction": -0.6062361048841477,
    "wrong_in_rule": 216353,
    "ai_fix_rate_on_wrong": 0.13107745212684827,
    "correction_head": {
      "tp": 33337,
      "fp": 10024,
      "fn": 112284,
      "tn": 2134342,
      "precision": 0.768824519729711,
      "recall": 0.22892989335329383,
      "f1": 0.3528060873522346
    },
    "per_class_accuracy": {
      "1": {
        "total": 704871,
        "rule": 0.8832892827198168,
        "ai": 0.8244544037135874
      },
      "2": {
        "total": 509109,
        "rule": 0.9607549660288858,
        "ai": 0.9005988894323219
      },
      "3": {
        "total": 388743,
        "rule": 0.9413056955366399,
        "ai": 0.8841033793534546
      },
      "4": {
        "total": 280531,
        "rule": 0.8813393172234084,
        "ai": 0.8127978726058795
      },
      "5": {
        "total": 630109,
        "rule": 0.9079492595725501,
        "ai": 0.8800191712862377
      }
    }
  }
}
