{
  "split": "r3",
  "pieces_evaluated": 91,
  "pieces_skipped": [],
  "summary": {
    "notes_total": 2811627,
    "rule_agreement": 0.9239010010929615,
    "ai_agreement": 0.9356803018323554,
    "absolute_improvement": 0.011779300739393952,
    "relative_error_reduction": 0.1547891681700489,
    "wrong_in_rule": 213962,
    "ai_fix_rate_on_wrong": 0.18887465998635272,
    "correction_head": {
      "tp": 47094,
      "fp": 10512,
      "fn": 94275,
      "tn": 2587018,
      "precision": 0.8175190084366212,
      "recall": 0.3331281964221293,
      "f1": 0.47336600075386354
    },
    "per_class_accuracy": {
      "1": {
        "total": 780786,
        "rule": 0.8886429828403686,
        "ai": 0.8886327367550135
      },
      "2": {
        "total": 566669,
        "rule": 0.9665713141181184,
        "ai": 0.9664477852150021
      },
      "3": {
        "total": 434321,
        "rule": 0.9459616274598741,
        "ai": 0.9594263229270517
      },
      "4": {
        "total": 295104,
        "rule": 0.9101164335285188,
        "ai": 0.8985984602038604
      },
      "5": {
        "total": 734747,
        "rule": 0.9209551042739882,
        "ai": 0.9628035228452787
      }
    }
  }
}
